{
  "creds": {
    "noiseKey": {
      "private": {
        "type": "Buffer",
        "data": "oD8EF2NEjrGhI3z+nxKUmqvlWBbowAHK56bYjmYt620="
      },
      "public": {
        "type": "Buffer",
        "data": "WSkXfyRDTXIL155+gYyJIjobgv2HJJHghoEeTztqvy0="
      }
    },
    "signedIdentityKey": {
      "private": {
        "type": "Buffer",
        "data": "sF7Jwq/7ncxBsereCth/QSCjnudDQaz6YfughIBqAE4="
      },
      "public": {
        "type": "Buffer",
        "data": "fbMC3OZtdwDH/VDWL2eypy70d1fE6axUubyTZV58alc="
      }
    },
    "signedPreKey": {
      "keyPair": {
        "private": {
          "type": "Buffer",
          "data": "iP1v6bRTHkvFp3VyAlHXpAP1cQ9Waa9kXFFfFetKX3I="
        },
        "public": {
          "type": "Buffer",
          "data": "WnBPK71XmfmIsI+DXcfYAHBHcfoGk7grz6skgFU8BWs="
        }
      },
      "signature": {
        "type": "Buffer",
        "data": "6yuswvWGQqF0QF9+MYzXTeAu8944baaj8wj8sB7B0NmIptr3ybmyxxFbwpuNF/BEbY14vFkFYxsi6uT91fpbiA=="
      },
      "keyId": 1
    },
    "registrationId": 163,
    "advSecretKey": "YmgcKhNbrcLwqHGjZGy0J0trBMrAqFu8XYF6iPfBnNQ=",
    "processedHistoryMessages": [
      {
        "key": {
          "remoteJid": "62821414874593@s.whatsapp.net",
          "fromMe": true,
          "id": "52709E6D5FBD30A3EE22AAC8DD4C4BBB"
        },
        "messageTimestamp": 1674665322
      }
    ],
    "nextPreKeyId": 38,
    "firstUnuploadedPreKeyId": 38,
    "accountSettings": {
      "unarchiveChats": false
    },
    "account": {
      "details": "CISl5OgFEOC6xZ4GGAE=",
      "accountSignatureKey": "Jr8+W+ROZUc5rx6tzNAzDM+Opa5mZNddCtdM7MtaVws=",
      "accountSignature": "1kJxmfrxaReJPKThas+lI9VmQwaZC6TM6caFjzRnZ32UMjz0Q0N8Q5cnbUAfB+g32boErlN8jS7KtoeCfEX1Bw==",
      "deviceSignature": "frk9dgq/z0NFr8vmn1s2Zv5azp6tg4sVEMpAcY8eUoRTJTRgEoBcYVSD1j+oQiFzePfrfK9LkUdv/ewCnlyThg=="
    },
    "me": {
      "id": "62821414874593:1@s.whatsapp.net",
      "name": "."
    },
    "signalIdentities": [
      {
        "identifier": {
          "name": "62821414874593:1@s.whatsapp.net",
          "deviceId": 0
        },
        "identifierKey": {
          "type": "Buffer",
          "data": "BSa/PlvkTmVHOa8erczQMwzPjqWuZmTXXQrXTOzLWlcL"
        }
      }
    ],
    "platform": "android",
    "lastAccountSyncTimestamp": 1674668666,
    "myAppStateKeyId": "AAAAADbZ"
  },
  "keys": {
    "preKeys": {
      "1": {
        "private": {
          "type": "Buffer",
          "data": "0PAEbA5O1NgO1B5/MQ+vAy8O0HN8qgUyqrybUt+ve24="
        },
        "public": {
          "type": "Buffer",
          "data": "AhqD75ApY/gH75oVeIz28uihLtGkfT+Bsx1YmHzZv2o="
        }
      },
      "2": {
        "private": {
          "type": "Buffer",
          "data": "ULUzEh+tsulrqBzeUmP0ddwceFreQ20/AEt4HkCu6FQ="
        },
        "public": {
          "type": "Buffer",
          "data": "WBJUNGAShlGgYNFuSzuy6dHIqXKf5w0ggHnssn7aLgs="
        }
      },
      "3": null,
      "4": {
        "private": {
          "type": "Buffer",
          "data": "MPwC0abJ1D/Jdq3DhPb1Uz2o5IRXLPPmSwJUV1Q0ZEo="
        },
        "public": {
          "type": "Buffer",
          "data": "hyzHpgbXGe0q+kc+QTGifqY4AlTLGi2hTjLvUEOQZgw="
        }
      },
      "5": {
        "private": {
          "type": "Buffer",
          "data": "IOcHqUBT7ZN10vf5D1AJcIltquVQkVVWrtVpcB0/zGo="
        },
        "public": {
          "type": "Buffer",
          "data": "BtNpgNz9LiEf4L62njriC/Q8xYkblaZmNzD4Z/T1S0I="
        }
      },
      "6": {
        "private": {
          "type": "Buffer",
          "data": "KK3JEFyV6CQtwuhaonPB9EjDUDgC0bzqo7jomrJqLFI="
        },
        "public": {
          "type": "Buffer",
          "data": "u8uPDzebXBKx4a9nLaTD6VxAaT0gbupiFS2/+hoZAkM="
        }
      },
      "7": {
        "private": {
          "type": "Buffer",
          "data": "WNshmhZLtoyMA48Q//62NGd4MuWUFIeUodQC3kcFlF8="
        },
        "public": {
          "type": "Buffer",
          "data": "cUzswhqlMU8hTxiefc7bP5IR9hRqHMmGv91m1o79h0M="
        }
      },
      "8": {
        "private": {
          "type": "Buffer",
          "data": "6Kq3FpwliXtl3tXOtsdi1/tZTA9H1u7E2HiaHtUkq1k="
        },
        "public": {
          "type": "Buffer",
          "data": "kpSywvL7ZCO8kzltyrSeac3ecB0GEKpF6TeVSsswXE8="
        }
      },
      "9": {
        "private": {
          "type": "Buffer",
          "data": "cIBYlXOJ/a0yiU835AV2BD4x30KEVDD9RJy47q+dn1A="
        },
        "public": {
          "type": "Buffer",
          "data": "F/ewy3ImhefifxMkjPTe9WAhCBs9NSa/sVpUt2lxXn8="
        }
      },
      "10": {
        "private": {
          "type": "Buffer",
          "data": "SCcXgOTJA3ii8m1jiXS3gWtFnr4M1ZU3GJd8g//yjW8="
        },
        "public": {
          "type": "Buffer",
          "data": "E5rQoc+qie0AG7xiPhzmcci1i1HWMOSrijfF4oKMBlg="
        }
      },
      "11": {
        "private": {
          "type": "Buffer",
          "data": "0M+ow91Mzhfrb8+jymY5lQpiOQMy9S8tQPNKx27JoXg="
        },
        "public": {
          "type": "Buffer",
          "data": "XjI6cbfCDjrfiQXw601cgWx062F0uXpmGW3VWqG6Z3M="
        }
      },
      "12": {
        "private": {
          "type": "Buffer",
          "data": "cFlMuJKySjYNexTed4jIPDbdXg2RxJk/sHSTGYdSRXs="
        },
        "public": {
          "type": "Buffer",
          "data": "oL2cW02NXTPCCfDfxh44gAKOWOA5UcJ2gW3pqoh+amc="
        }
      },
      "13": {
        "private": {
          "type": "Buffer",
          "data": "IOx0/aMLSdTGwIbZipnHvHarAXMS7C7Ci8oe24jehHY="
        },
        "public": {
          "type": "Buffer",
          "data": "9j6PFpKV5ST2+LkarJZMQewEVbrslX+CSLI8HfN2WVg="
        }
      },
      "14": {
        "private": {
          "type": "Buffer",
          "data": "WLSfC/2QcHqvIs54CHvzLsTei05UcF8yPIs5xBVa1UA="
        },
        "public": {
          "type": "Buffer",
          "data": "FLJWh+omz572U1fdI3tvtd9fCopv5So6qkgEqm9t+DQ="
        }
      },
      "15": {
        "private": {
          "type": "Buffer",
          "data": "qAEj33pI7ApZwpPlHLrPVShEFJg2tE1p2ub8VO39cHc="
        },
        "public": {
          "type": "Buffer",
          "data": "TVNycBRXB+QZsc4uOzirbqUWCS6KWmG5RJ5t/xoyg0w="
        }
      },
      "16": null,
      "17": {
        "private": {
          "type": "Buffer",
          "data": "aEfwe5Kncvq0fEnDq/+Y7czEAeoIcPfD3kfZLwUWV1g="
        },
        "public": {
          "type": "Buffer",
          "data": "sHqq2eKvmrgB0DhfUvXuwCBKGMhdlpDevqnZdctuAQ4="
        }
      },
      "18": {
        "private": {
          "type": "Buffer",
          "data": "0LMSORnnwPoa0q3p9F7Ilj6q7YHcQDYjoImDdEZ2wXc="
        },
        "public": {
          "type": "Buffer",
          "data": "Ru/nvs3xgXnkw6mZzCY6KB/vcWFfTtg/waKakICJWy0="
        }
      },
      "19": {
        "private": {
          "type": "Buffer",
          "data": "QNfjVHqU4SDuE3yMrJK1Knn7HlHmGKnuc6rNbHnCwGk="
        },
        "public": {
          "type": "Buffer",
          "data": "LgYzR6HMxckXvUla2yqLas/D03k4fUQUWdeWkh4aZxc="
        }
      },
      "20": {
        "private": {
          "type": "Buffer",
          "data": "aIfo8qKP1pY24X2M+2C2malZ9DgNpoeeUJW/BXOX+Ww="
        },
        "public": {
          "type": "Buffer",
          "data": "k2AhTgy3UqMau4vDeVx9I/nYOJrLqFrZglKw07dKTTw="
        }
      },
      "21": {
        "private": {
          "type": "Buffer",
          "data": "COKU2pLnswpQomUE7Mq3Ik1sCopTaGefzHMjmnO2nnw="
        },
        "public": {
          "type": "Buffer",
          "data": "oIgD4U+kg5BnzPpq3P20Kcz+t3iqNo6+SFv3cx2h0Ho="
        }
      },
      "22": {
        "private": {
          "type": "Buffer",
          "data": "gNRzpisS54geoJF9dNcjGdOE0bopui8ryWBlWUuwAkc="
        },
        "public": {
          "type": "Buffer",
          "data": "Ak6HfVHWtPv+Y1L06lksOuR4+Mq+8ZWOAlXLWmOWXmY="
        }
      },
      "23": {
        "private": {
          "type": "Buffer",
          "data": "EKuj6Zlh3akumvRnXj6d52Ai2Kr/jITqE939ZBHNWXw="
        },
        "public": {
          "type": "Buffer",
          "data": "5VFnMA2mUvLNwIFaqHmbg7X+BAiLRxWigU8G/69r/kw="
        }
      },
      "24": {
        "private": {
          "type": "Buffer",
          "data": "wIphfYh/aw2ALtGdCfVcTxRmUDeUeAjGbLBj3Vg9u2Q="
        },
        "public": {
          "type": "Buffer",
          "data": "V4/5VapBccQAobf4oWmSLzQXNylcz+R1gxP0frohuBM="
        }
      },
      "25": {
        "private": {
          "type": "Buffer",
          "data": "oJGyilffPB7arp4RDSQpMZ4+qAycp4Ywg6ksC9LnJ1A="
        },
        "public": {
          "type": "Buffer",
          "data": "94XQiUr7PSahwSHNv7SgVp2yIaGzuHKyeyl/jFRfL0Y="
        }
      },
      "26": {
        "private": {
          "type": "Buffer",
          "data": "yEAYzf/8Vsqwx4QfcW4CC/3jg/PKsrIJVZuKNBVC9X0="
        },
        "public": {
          "type": "Buffer",
          "data": "3e5PxrmL3oEc2gT7niXHWdv8txKB4XrqFO/fQfjA/G8="
        }
      },
      "27": {
        "private": {
          "type": "Buffer",
          "data": "QJag0V1S7gLptUmqcsWAuqyzegD+FIggA3Bvi8v0QGc="
        },
        "public": {
          "type": "Buffer",
          "data": "Hp+BlRtKqpZsTY368rKO/k/DP5Y7AcbtpNX53VSZhyA="
        }
      },
      "28": {
        "private": {
          "type": "Buffer",
          "data": "wLfBJK2rDwUy3YJN3qOH2dXPG821rsqQhAFylerqJlc="
        },
        "public": {
          "type": "Buffer",
          "data": "Iawy6iBj0v8CPJITw4L16Z/UMftneOXL0neKqbPQqns="
        }
      },
      "29": {
        "private": {
          "type": "Buffer",
          "data": "uNx2EiqM14GHbwJnRfr5VLXzJqEb/8lOk9oUNbPneE4="
        },
        "public": {
          "type": "Buffer",
          "data": "iGk8VNYID8rTlNlv7BVZ7HMe6i5N9pMBwfeHBB/YdAY="
        }
      },
      "30": {
        "private": {
          "type": "Buffer",
          "data": "4Bq0FDooTWPpfY3u6LR1YH6aZEoIkA6pdq9tHTHZLVE="
        },
        "public": {
          "type": "Buffer",
          "data": "hNWhmtyBkPU0drgG5DtJ1e+zyC++O9aeaupjgE/lTDQ="
        }
      },
      "31": null,
      "32": null,
      "33": null,
      "34": null,
      "35": null,
      "36": null,
      "37": null
    },
    "sessions": {
      "62821414874593.0": {
        "_sessions": {
          "BY8h+um6EBPCdx1bQA44l72oCMuzXHX5u9Wu2gwRNHct": {
            "registrationId": 783177640,
            "currentRatchet": {
              "ephemeralKeyPair": {
                "pubKey": "Bc7dy8Vs02TR3rJIPp/kY82Umbnwg0FyzBozAX9fMRc2",
                "privKey": "WGfP4sl0KZAEEY5+nVjUD0wTT/K4yVYY/OvQaucm2GU="
              },
              "lastRemoteEphemeralKey": "BQcJCK0RgrYSoc6aHIgtD3PjX5p3nyPxEKBj8ftGnh55",
              "previousCounter": 0,
              "rootKey": "xh0DxnHm/zfAhx/ZkWpU7qPymnMKMLs/hDxGHzEu2Bs="
            },
            "indexInfo": {
              "baseKey": "BY8h+um6EBPCdx1bQA44l72oCMuzXHX5u9Wu2gwRNHct",
              "baseKeyType": 2,
              "closed": 1675007546777,
              "used": 1674665318761,
              "created": 1674665318761,
              "remoteIdentityKey": "BSa/PlvkTmVHOa8erczQMwzPjqWuZmTXXQrXTOzLWlcL"
            },
            "_chains": {
              "BQcJCK0RgrYSoc6aHIgtD3PjX5p3nyPxEKBj8ftGnh55": {
                "chainKey": {
                  "counter": 8,
                  "key": "PZ9vsYkuqzFLHhOM9nta7uLhUeW33RrULnIsClodu4k="
                },
                "chainType": 2,
                "messageKeys": {}
              },
              "Bc7dy8Vs02TR3rJIPp/kY82Umbnwg0FyzBozAX9fMRc2": {
                "chainKey": {
                  "counter": 29,
                  "key": "ZFDZiyovYs8PhD93CJ/IvqrLXtat2r5jWyINyaUE0fY="
                },
                "chainType": 1,
                "messageKeys": {}
              }
            }
          },
          "BVPVZbjDyAKzs/3aEZGLD/3HEsK2E/5uzEtTZGyuXrIx": {
            "registrationId": 783177640,
            "currentRatchet": {
              "ephemeralKeyPair": {
                "pubKey": "BR2GqaNKrKMtGB9K3WqmWUrLqZef9x+CIcaYQY/5ulUn",
                "privKey": "2BtTED87YnaXgo6zMftXbBFXa34TdyY3ne1sUwRJA3A="
              },
              "lastRemoteEphemeralKey": "BavleewlG4XqE48z0v9xlElPKgypQZw63yVr9DF8LlB/",
              "previousCounter": 0,
              "rootKey": "O1Hv2qxcTzyDRTOPlU65XdxTUnKWnQkLBBC1ofmnkr4="
            },
            "indexInfo": {
              "baseKey": "BVPVZbjDyAKzs/3aEZGLD/3HEsK2E/5uzEtTZGyuXrIx",
              "baseKeyType": 2,
              "closed": 1675007547949,
              "used": 1675007546865,
              "created": 1675007546865,
              "remoteIdentityKey": "BSa/PlvkTmVHOa8erczQMwzPjqWuZmTXXQrXTOzLWlcL"
            },
            "_chains": {
              "BavleewlG4XqE48z0v9xlElPKgypQZw63yVr9DF8LlB/": {
                "chainKey": {
                  "counter": 0,
                  "key": "rKLSE+MfoeClR1HMNcMjsK/d8xU/sbS8A3aaky+TVb4="
                },
                "chainType": 2,
                "messageKeys": {}
              },
              "BR2GqaNKrKMtGB9K3WqmWUrLqZef9x+CIcaYQY/5ulUn": {
                "chainKey": {
                  "counter": -1,
                  "key": "NmdQ/2H0gQRZZYAEmcJlzJLMZEjFA4x1lC0HWZwPD+Q="
                },
                "chainType": 1,
                "messageKeys": {}
              }
            }
          },
          "BZbSsmPx2OSbXp/cYXf/SU6LAle4uyV/B5b9vzN2l+BD": {
            "registrationId": 783177640,
            "currentRatchet": {
              "ephemeralKeyPair": {
                "pubKey": "BSEMVKgvKWIRsEPPu5jG/dEfYqryl+HOEGcd4bzz2S4d",
                "privKey": "4FLJpgN3H2W2ZmVCBy4Z0pjGxJFLgHK9ztOurtd6FmY="
              },
              "lastRemoteEphemeralKey": "BVSEG42KUZqaDsMATiKbnZrXa8BDMVwmO4/6Bk9zCtYx",
              "previousCounter": 0,
              "rootKey": "g4zeLnR12BS917ovGrxugOs+jWTGUh/i0nD+KQ7u3pQ="
            },
            "indexInfo": {
              "baseKey": "BZbSsmPx2OSbXp/cYXf/SU6LAle4uyV/B5b9vzN2l+BD",
              "baseKeyType": 2,
              "closed": 1675007548115,
              "used": 1675007548047,
              "created": 1675007548047,
              "remoteIdentityKey": "BSa/PlvkTmVHOa8erczQMwzPjqWuZmTXXQrXTOzLWlcL"
            },
            "_chains": {
              "BVSEG42KUZqaDsMATiKbnZrXa8BDMVwmO4/6Bk9zCtYx": {
                "chainKey": {
                  "counter": 0,
                  "key": "UEVdClGiJrhUChoBQqiW394KnVU60o+yZgEgoZCst+g="
                },
                "chainType": 2,
                "messageKeys": {}
              },
              "BSEMVKgvKWIRsEPPu5jG/dEfYqryl+HOEGcd4bzz2S4d": {
                "chainKey": {
                  "counter": -1,
                  "key": "xM+FSA7fXiWOUxZECLcip0mjlcGEKfMds71iqxSIoFg="
                },
                "chainType": 1,
                "messageKeys": {}
              }
            }
          },
          "BaszzsLcUuj9KydObPk+xr+RtknA7P4tgylXT4+Mf1lP": {
            "registrationId": 783177640,
            "currentRatchet": {
              "ephemeralKeyPair": {
                "pubKey": "BXOwnwfkiYEGkhofoK5QyySqm1fXkLCruoZb2zjD7jE4",
                "privKey": "eG+wcNB6yvHqa90FJ/uy/TDcb9f8VhO9poFyJSyO9kY="
              },
              "lastRemoteEphemeralKey": "BTkutSR/Ye6ou0eC4nRIula35OXzsdcmIhgg0hlwJWQC",
              "previousCounter": 0,
              "rootKey": "mxpfbEdDF3n+sFMBDuh3tJU9550R37jiqYLhWwlXl8E="
            },
            "indexInfo": {
              "baseKey": "BaszzsLcUuj9KydObPk+xr+RtknA7P4tgylXT4+Mf1lP",
              "baseKeyType": 2,
              "closed": 1675007549054,
              "used": 1675007548171,
              "created": 1675007548171,
              "remoteIdentityKey": "BSa/PlvkTmVHOa8erczQMwzPjqWuZmTXXQrXTOzLWlcL"
            },
            "_chains": {
              "BTkutSR/Ye6ou0eC4nRIula35OXzsdcmIhgg0hlwJWQC": {
                "chainKey": {
                  "counter": 0,
                  "key": "VrrNyRy5hbsTV9XeI7KI3Jwvy22LZ0NSjon9yzUaSto="
                },
                "chainType": 2,
                "messageKeys": {}
              },
              "BXOwnwfkiYEGkhofoK5QyySqm1fXkLCruoZb2zjD7jE4": {
                "chainKey": {
                  "counter": -1,
                  "key": "xDYj1moe7bTkURg/HpGaLEiFI7kY2mr5D8IFNJdMUZI="
                },
                "chainType": 1,
                "messageKeys": {}
              }
            }
          },
          "BeQrE/ba0mE3xOdj7D5ghjYOd9qFdp2iMom9m/jq1VN0": {
            "registrationId": 783177640,
            "currentRatchet": {
              "ephemeralKeyPair": {
                "pubKey": "BZ59yc56XgTD9+cODk7n18q3UCT+lSrakqbOHuL3q4s+",
                "privKey": "4KJfgGgUlX1keEagMbfsFEvI21IWxgc0uTYcQZ/Y/EI="
              },
              "lastRemoteEphemeralKey": "BXH19Ju8YB1URCfKFEmWIGz3MukzTLEnYXx/0E3Ag8RU",
              "previousCounter": 0,
              "rootKey": "roBgmEo+kbTy3ixBSvM2+3hbCsckJsnSylBx1NjWG7A="
            },
            "indexInfo": {
              "baseKey": "BeQrE/ba0mE3xOdj7D5ghjYOd9qFdp2iMom9m/jq1VN0",
              "baseKeyType": 2,
              "closed": 1675007552947,
              "used": 1675007549112,
              "created": 1675007549112,
              "remoteIdentityKey": "BSa/PlvkTmVHOa8erczQMwzPjqWuZmTXXQrXTOzLWlcL"
            },
            "_chains": {
              "BXH19Ju8YB1URCfKFEmWIGz3MukzTLEnYXx/0E3Ag8RU": {
                "chainKey": {
                  "counter": 0,
                  "key": "XhH/K+cV3E0ZVxsvoQlwNshbAbokhtL9OEkIXpVGeO4="
                },
                "chainType": 2,
                "messageKeys": {}
              },
              "BZ59yc56XgTD9+cODk7n18q3UCT+lSrakqbOHuL3q4s+": {
                "chainKey": {
                  "counter": -1,
                  "key": "qWOpsZQ9Y9moO+XuApQjPCPMehrtgIrJ8CXjuf+AmF0="
                },
                "chainType": 1,
                "messageKeys": {}
              }
            }
          },
          "BS3JsWZBLkULd+ivPWqltgWtISNsFHD3LTwQXxpDPV51": {
            "registrationId": 783177640,
            "currentRatchet": {
              "ephemeralKeyPair": {
                "pubKey": "BfGlZXhK4nZlsjXWLXt6fj4dd8AeVyYyvDCRIgYS274Y",
                "privKey": "UPrNqb0enEDgYZYpdwBr88d4p5E4n5+vabkj/9XxXUU="
              },
              "lastRemoteEphemeralKey": "BSJ0UKX/ETlKSEA2qCObwFDLBCdMODmD4yp3zK3CciAo",
              "previousCounter": 0,
              "rootKey": "OaPQHe9CEUGonDEbYYbLzhcyuJwCw61WS/kyzh6S7zA="
            },
            "indexInfo": {
              "baseKey": "BS3JsWZBLkULd+ivPWqltgWtISNsFHD3LTwQXxpDPV51",
              "baseKeyType": 2,
              "closed": 1675007553045,
              "used": 1675007552986,
              "created": 1675007552986,
              "remoteIdentityKey": "BSa/PlvkTmVHOa8erczQMwzPjqWuZmTXXQrXTOzLWlcL"
            },
            "_chains": {
              "BSJ0UKX/ETlKSEA2qCObwFDLBCdMODmD4yp3zK3CciAo": {
                "chainKey": {
                  "counter": 0,
                  "key": "5Lq4q+b47By5LX+4uWLa+0K74Zjj8cg3m4hIdbUg4ms="
                },
                "chainType": 2,
                "messageKeys": {}
              },
              "BfGlZXhK4nZlsjXWLXt6fj4dd8AeVyYyvDCRIgYS274Y": {
                "chainKey": {
                  "counter": -1,
                  "key": "mPwmI6TWOE5FW2Vncr4gb71XzQ7cyhY1xBLpa5cuF6g="
                },
                "chainType": 1,
                "messageKeys": {}
              }
            }
          },
          "BQ83Lkg8JASLC+NXHlT9dIHpujTRmxjt2+hJZy2JriE8": {
            "registrationId": 783177640,
            "currentRatchet": {
              "ephemeralKeyPair": {
                "pubKey": "BTBdqIaFFUM9x9QnmyGl95Y5nhIFNonWfo8AS12K3Mls",
                "privKey": "sDcP2ltLWndoqefzaFatWCdTAIOT710qJY6g17/HCHQ="
              },
              "lastRemoteEphemeralKey": "BXi/6CkNoGoGhFIynyrMM1XGipfrEr4KxLsw3Thl171N",
              "previousCounter": 0,
              "rootKey": "aBCJ7v5c+tz/NSek1Y2MAS/tn6HIi03lzV3NiyJTm7I="
            },
            "indexInfo": {
              "baseKey": "BQ83Lkg8JASLC+NXHlT9dIHpujTRmxjt2+hJZy2JriE8",
              "baseKeyType": 2,
              "closed": -1,
              "used": 1675007790443,
              "created": 1675007553082,
              "remoteIdentityKey": "BSa/PlvkTmVHOa8erczQMwzPjqWuZmTXXQrXTOzLWlcL"
            },
            "_chains": {
              "Be9m9E3ZEu99/Wqrahdo7wlg/zBO0JCvRclsNr2LAfpm": {
                "chainKey": {
                  "counter": 0
                },
                "chainType": 2,
                "messageKeys": {}
              },
              "BWIR4JMoex8oddmMbG4j30TyxNMLxbbCwSN2m+oL6p9C": {
                "chainKey": {
                  "counter": 0
                },
                "chainType": 2,
                "messageKeys": {}
              },
              "BXi/6CkNoGoGhFIynyrMM1XGipfrEr4KxLsw3Thl171N": {
                "chainKey": {
                  "counter": 1,
                  "key": "021ymmlJZC8EWMYMQnB0ZnEnELAulrOgVjEnVGQ6R2k="
                },
                "chainType": 2,
                "messageKeys": {}
              },
              "BTBdqIaFFUM9x9QnmyGl95Y5nhIFNonWfo8AS12K3Mls": {
                "chainKey": {
                  "counter": -1,
                  "key": "cUa/WW7pwb4Ey8WyW0VPrIlab622DpeY3ec6ikruaFo="
                },
                "chainType": 1,
                "messageKeys": {}
              }
            }
          }
        },
        "version": "v1"
      },
      "6283830815715.0": {
        "_sessions": {
          "BbB69PDV9Aesk3QMCD90i64IhhuW6rZ+Nhke8ru9K6Al": {
            "registrationId": 597209673,
            "currentRatchet": {
              "ephemeralKeyPair": {
                "pubKey": "Bd04K1+cwfxF0prrfXj45SjhgNz2gEWsVnpGMXyhRHxD",
                "privKey": "0FrSOmsoqcB6Vg0RT0EUV/BYMvWr9rNCeWZ2KRgvqVA="
              },
              "lastRemoteEphemeralKey": "BfS0rnuOb85e+MmWq8j7vxoKA06hHflR7McUtG++5pIH",
              "previousCounter": 1,
              "rootKey": "ZXxyQK1aiqqQPRR1snxkcfTVJs7zje2y4owbrJ5D2I4="
            },
            "indexInfo": {
              "baseKey": "BbB69PDV9Aesk3QMCD90i64IhhuW6rZ+Nhke8ru9K6Al",
              "baseKeyType": 2,
              "closed": -1,
              "used": 1674671162562,
              "created": 1674665541600,
              "remoteIdentityKey": "BWELw5Xd0HEWrtMgPobh9R2x4tM5kTzK1AM0yVDLwiId"
            },
            "_chains": {
              "BU+8VKUh4QlPD8jmIUHzNmUQKcz93X1Bjg5banG/o7kE": {
                "chainKey": {
                  "counter": 0
                },
                "chainType": 2,
                "messageKeys": {}
              },
              "BSc9t/0aT8jDdtuH8YvuvefWHzZgyUWE3pAWut76TnQ6": {
                "chainKey": {
                  "counter": 0
                },
                "chainType": 2,
                "messageKeys": {}
              },
              "BeNV18hw0bYWDTxcWRUCUPBaT9W2lK5vbuQg6Y4+TAcc": {
                "chainKey": {
                  "counter": 0
                },
                "chainType": 2,
                "messageKeys": {}
              },
              "BbZJ+iTlystsE1xYH8TP65SzlqVV5DE8WWSZ9F5K+7U9": {
                "chainKey": {
                  "counter": 1
                },
                "chainType": 2,
                "messageKeys": {}
              },
              "BRGF8zImsXctMhxYA+2m+05a64+qLdVslQ9JSrzbzs8l": {
                "chainKey": {
                  "counter": 0
                },
                "chainType": 2,
                "messageKeys": {}
              },
              "BQxCzBX78DqtMDCw4z5puU2RfaxaQsFaDC+o96ODUUl8": {
                "chainKey": {
                  "counter": 0
                },
                "chainType": 2,
                "messageKeys": {}
              },
              "BROZzXeyIaXtSXZpaZYfexKUzDgOqPgQvtrfPjD2nYMb": {
                "chainKey": {
                  "counter": 0
                },
                "chainType": 2,
                "messageKeys": {}
              },
              "BeuI5jHasfJyySx8bhyxOPaw9MEHpWELLoKjtibmgOdt": {
                "chainKey": {
                  "counter": 0
                },
                "chainType": 2,
                "messageKeys": {}
              },
              "BeC0VUuVnb9/xViiyLXmpG8TzsOgwrAD3QBZPy0esM4p": {
                "chainKey": {
                  "counter": 0
                },
                "chainType": 2,
                "messageKeys": {}
              },
              "BTa0kvJogoo2qjjNJHjTSyCEZnuN6ZA+pRJhc5DhJWEL": {
                "chainKey": {
                  "counter": 0
                },
                "chainType": 2,
                "messageKeys": {}
              },
              "BST/5+GHV7hoIpSzmHwEJI3xq3SseJBGRYpHp2YT8hAL": {
                "chainKey": {
                  "counter": 0
                },
                "chainType": 2,
                "messageKeys": {}
              },
              "Baj61d8D5WH76rV3qFV3CjCBLlt5UZMI9SvpynmqAgtS": {
                "chainKey": {
                  "counter": 0
                },
                "chainType": 2,
                "messageKeys": {}
              },
              "BXd8whyFpwziYKQIqm1EqkZTwivCJ8bfpcUz2aYRZDMd": {
                "chainKey": {
                  "counter": 0
                },
                "chainType": 2,
                "messageKeys": {}
              },
              "BSuQeCv9gO1Ov7g0fw8J/Wd3OlmAGJ00uN9UAUzpj3YW": {
                "chainKey": {
                  "counter": 0
                },
                "chainType": 2,
                "messageKeys": {}
              },
              "BXtpfdjtFwzw3j1txHOCi8giBzfFT5es1Z6AArq1aYFI": {
                "chainKey": {
                  "counter": 0
                },
                "chainType": 2,
                "messageKeys": {}
              },
              "BeeC6k8bGvzReUbpuBrS7gFw8NG2lnPzSP6xUamfIUEl": {
                "chainKey": {
                  "counter": 1
                },
                "chainType": 2,
                "messageKeys": {}
              },
              "BXc5Pmn45hX4LHT3uPH/VGEHJUIOUUc2vRR7kwqGKdcC": {
                "chainKey": {
                  "counter": 2
                },
                "chainType": 2,
                "messageKeys": {}
              },
              "BbV/EUipXA0sP5bAz/4kpRXDWIP1GJ61Je+x+XmFYpYm": {
                "chainKey": {
                  "counter": 0
                },
                "chainType": 2,
                "messageKeys": {}
              },
              "BfS0rnuOb85e+MmWq8j7vxoKA06hHflR7McUtG++5pIH": {
                "chainKey": {
                  "counter": 0,
                  "key": "v8peN5G1gu29S+go9QY59ADKs7Q4PgxfLqj3KTZzn1w="
                },
                "chainType": 2,
                "messageKeys": {}
              },
              "Bd04K1+cwfxF0prrfXj45SjhgNz2gEWsVnpGMXyhRHxD": {
                "chainKey": {
                  "counter": 0,
                  "key": "mecoi1ni/f7gAgG5Y9kqLl5EgFU719/sUdguzSOw9nI="
                },
                "chainType": 1,
                "messageKeys": {}
              }
            }
          }
        },
        "version": "v1"
      },
      "6281378739917.0": {
        "_sessions": {
          "BcTntEu6ytO63BTx6KJJaaIekyL1ZWXvTCxBoaYMZ99g": {
            "registrationId": 388277554,
            "currentRatchet": {
              "ephemeralKeyPair": {
                "pubKey": "BSIWfbV6VqCqxx7zLx+EiyZyjU344WZMTuyAleO6cG9l",
                "privKey": "QLP6+DX0ubQxFPz3NJ0k/G/0Z3A3QvzYlt4R9bf7TlA="
              },
              "lastRemoteEphemeralKey": "BWCD5F1xYnQoFNNfYlLjGLJ/RIYwR3TxD5jPLtPnawI3",
              "previousCounter": 0,
              "rootKey": "qB6Bp7I2B2bzVjBz7jShYN78Vt14uXJi2ZkdF93w/gc="
            },
            "indexInfo": {
              "baseKey": "BcTntEu6ytO63BTx6KJJaaIekyL1ZWXvTCxBoaYMZ99g",
              "baseKeyType": 1,
              "closed": -1,
              "used": 1674685673137,
              "created": 1674669443060,
              "remoteIdentityKey": "BS+JqcSKqR2a9arIbxKjnRvTeUTyN9lkiq5z72cyacMi"
            },
            "_chains": {
              "BWCD5F1xYnQoFNNfYlLjGLJ/RIYwR3TxD5jPLtPnawI3": {
                "chainKey": {
                  "counter": 0,
                  "key": "G1if6dhOi/YOjL/Hzl7UPG/wZlVyPLngou4WTZsiSYI="
                },
                "chainType": 2,
                "messageKeys": {}
              },
              "BSIWfbV6VqCqxx7zLx+EiyZyjU344WZMTuyAleO6cG9l": {
                "chainKey": {
                  "counter": -1,
                  "key": "BvkIoWn7h3N3ts99wnekLWmlcggRyAc2EolpJu4/m/c="
                },
                "chainType": 1,
                "messageKeys": {}
              }
            }
          }
        },
        "version": "v1"
      },
      "6283890585717.0": {
        "_sessions": {
          "BYSMA4voNZvaRRdkdG2d+CMvWAs6FESHgMY9LE/iUPNC": {
            "registrationId": 1290461925,
            "currentRatchet": {
              "ephemeralKeyPair": {
                "pubKey": "Bbys3QtzCHFPIahv8axC0I3sCRscOMmv7KmF9/x2DSZR",
                "privKey": "cCg3emoQFY8ABTD0OkckS2DrPO6cj0iLTuPTrdxkGFY="
              },
              "lastRemoteEphemeralKey": "BZp9eP0mMJltGY3JZXS2UUvxbcNPGodXqdoBZIALqjpH",
              "previousCounter": 0,
              "rootKey": "ZI6aPiHxDamhv7lu24qO0L/lLLgEWb45nSmykg/re94="
            },
            "indexInfo": {
              "baseKey": "BYSMA4voNZvaRRdkdG2d+CMvWAs6FESHgMY9LE/iUPNC",
              "baseKeyType": 1,
              "closed": -1,
              "used": 1674706986197,
              "created": 1674669443065,
              "remoteIdentityKey": "BQeK5AEEqIRHzxcLGsYVaGPwFG98na8XrVt5/q8RJ6Y5"
            },
            "_chains": {
              "BZp9eP0mMJltGY3JZXS2UUvxbcNPGodXqdoBZIALqjpH": {
                "chainKey": {
                  "counter": 0,
                  "key": "6xGGiIWDvJaDZhU41FqEGGrTAjdmAmV+MQkRGz6nOuo="
                },
                "chainType": 2,
                "messageKeys": {}
              },
              "Bbys3QtzCHFPIahv8axC0I3sCRscOMmv7KmF9/x2DSZR": {
                "chainKey": {
                  "counter": -1,
                  "key": "JfmMmqzdqfLWQW5WEKfaUYvMriKJSXa/8IeI/TU/45I="
                },
                "chainType": 1,
                "messageKeys": {}
              }
            }
          }
        },
        "version": "v1"
      },
      "6283110539631.0": {
        "_sessions": {
          "BSa/nKZSIuFj61cbbbRdz8D2uMxwZQkLRyj7QGyImNdA": {
            "registrationId": 2082514955,
            "currentRatchet": {
              "ephemeralKeyPair": {
                "pubKey": "BdBKR8KjpANFYZvsDBLRVPEwqvdT/39SdAYszApPYAR+",
                "privKey": "ODX0EEb5d6uluhwBzxH46QlFyAkCX7iIBtdba5DpDVo="
              },
              "lastRemoteEphemeralKey": "BbZjUbiBTcD1f7iQ+LdmF9dFAHMlOtlrnppG35xEjWky",
              "previousCounter": 0,
              "rootKey": "74rqpj/uFjrygbrk5TA6gscwdV+k+qjXp7g39lT4STU="
            },
            "indexInfo": {
              "baseKey": "BSa/nKZSIuFj61cbbbRdz8D2uMxwZQkLRyj7QGyImNdA",
              "baseKeyType": 1,
              "closed": -1,
              "used": 1674691993516,
              "created": 1674669518563,
              "remoteIdentityKey": "BYvQOCvHGS3OElf2jP0ZI5n4EmkXKbtmRWofyEzBqlA4"
            },
            "_chains": {
              "BbZjUbiBTcD1f7iQ+LdmF9dFAHMlOtlrnppG35xEjWky": {
                "chainKey": {
                  "counter": 0,
                  "key": "HWxOcfZq5Cf/K9YXI3AqjmUzkJv8Ecu6vw2eDN+CuzA="
                },
                "chainType": 2,
                "messageKeys": {}
              },
              "BdBKR8KjpANFYZvsDBLRVPEwqvdT/39SdAYszApPYAR+": {
                "chainKey": {
                  "counter": -1,
                  "key": "zJ6kDF9l3w0GwZ4uzHQp0vGGNVq1MWpen2jebsIFUU8="
                },
                "chainType": 1,
                "messageKeys": {}
              }
            }
          }
        },
        "version": "v1"
      },
      "62882020360706.0": {
        "_sessions": {
          "BZdUUkFbgx5bSJBsEKJEQJA0RA+HeDL2KM34+B+LsmB6": {
            "registrationId": 139275976,
            "currentRatchet": {
              "ephemeralKeyPair": {
                "pubKey": "BfG8tw615nNZAxGJ0SV7OIhXh51rqqI4lBS2pcUBKNU0",
                "privKey": "8N/1e5bgWIczJuJTzgzgwRXOxiNCRZpWnqPlSB1YR24="
              },
              "lastRemoteEphemeralKey": "BQxLvl+D9LMxJBEpRSrwJNkNvw69NDLcGo0L4dWfZ2dS",
              "previousCounter": 0,
              "rootKey": "EOxUx4eVA4Y/yaa4krPoR8AvxHj2UYbMzz6/oTOqoWM="
            },
            "indexInfo": {
              "baseKey": "BZdUUkFbgx5bSJBsEKJEQJA0RA+HeDL2KM34+B+LsmB6",
              "baseKeyType": 1,
              "closed": -1,
              "used": 1674687968877,
              "created": 1674669587748,
              "remoteIdentityKey": "BctkKSEnKzG0aY5vYy6ucCYXekb/9BsJv6S1bsswn7E1"
            },
            "_chains": {
              "BQxLvl+D9LMxJBEpRSrwJNkNvw69NDLcGo0L4dWfZ2dS": {
                "chainKey": {
                  "counter": 1,
                  "key": "y8xI5Ss7+5O//E1uDEMcQAN/DhrrnrWZpsAc6JkPfrY="
                },
                "chainType": 2,
                "messageKeys": {}
              },
              "BfG8tw615nNZAxGJ0SV7OIhXh51rqqI4lBS2pcUBKNU0": {
                "chainKey": {
                  "counter": -1,
                  "key": "fb22xakdSaWTlnl7aF3W/PqE0QUNSJrDSKDxNwmhgJc="
                },
                "chainType": 1,
                "messageKeys": {}
              }
            }
          }
        },
        "version": "v1"
      },
      "6285817498771.0": {
        "_sessions": {
          "BaAMpR4Y8gMp0N0FdDAd5dWY3Rv5LgEObxDLzB5LYwk+": {
            "registrationId": 22010009,
            "currentRatchet": {
              "ephemeralKeyPair": {
                "pubKey": "Bd43XiTVBk6sqmPc3ACzX6q+7UllF+aw19so5iqNDEgt",
                "privKey": "EDnTQH5Q/l2X/TAvwFnjT2wmPfGlF+7Jg//va8RYglc="
              },
              "lastRemoteEphemeralKey": "BSp9l2ca4gd949s2AWhkaQMDgatm0FhlIFi9t5Qd4gYd",
              "previousCounter": 0,
              "rootKey": "T6vLmMwuvR5tPsZXfTEixegK9znFzzpmGAVw5pSc/Jo="
            },
            "indexInfo": {
              "baseKey": "BaAMpR4Y8gMp0N0FdDAd5dWY3Rv5LgEObxDLzB5LYwk+",
              "baseKeyType": 2,
              "closed": -1,
              "used": 1674692793871,
              "created": 1674692680729,
              "remoteIdentityKey": "BYOl6zVzl4vCv8EaJnLHCZBO8rQYsxgVls2HOdBLJINc"
            },
            "_chains": {
              "BVvAcTcigoaNpscylG1o11uK2EFPI5Q7R3gB1FCHRDhU": {
                "chainKey": {
                  "counter": 0
                },
                "chainType": 2,
                "messageKeys": {}
              },
              "BSp9l2ca4gd949s2AWhkaQMDgatm0FhlIFi9t5Qd4gYd": {
                "chainKey": {
                  "counter": 0,
                  "key": "Rzm2YUL9y1NQfa4uhKEKv6Mz0ZMNqf/1BfTvaUFlimc="
                },
                "chainType": 2,
                "messageKeys": {}
              },
              "Bd43XiTVBk6sqmPc3ACzX6q+7UllF+aw19so5iqNDEgt": {
                "chainKey": {
                  "counter": -1,
                  "key": "4D5kxDwq/XQSpmGNvH1PJt4MIxLQN/7k7D+V7DudJDE="
                },
                "chainType": 1,
                "messageKeys": {}
              }
            }
          }
        },
        "version": "v1"
      },
      "254772540079.0": {
        "_sessions": {
          "BaVa+A1a+xK5+3nPdKQnO6CZ3/7pPmYWdbKIw95BUVxg": {
            "registrationId": 172825900,
            "currentRatchet": {
              "ephemeralKeyPair": {
                "pubKey": "BblMk+GL+XFlwrCLIARUHMtG3iBvjN9MtTGbUBKrocgF",
                "privKey": "0MfSOA8KVe7yexJOcGlTP5DWO+T7ezHYpEkrr+FGbkQ="
              },
              "lastRemoteEphemeralKey": "Bb8iND87jxcJsOzSGBhqMBlAI56oRF5LqhEkrHuUE/JE",
              "previousCounter": 0,
              "rootKey": "9VAS4N7+MM2geZtFkMq2nwMfJ118mWwgMifzV6Ff3Bg="
            },
            "indexInfo": {
              "baseKey": "BaVa+A1a+xK5+3nPdKQnO6CZ3/7pPmYWdbKIw95BUVxg",
              "baseKeyType": 2,
              "closed": -1,
              "used": 1675007707311,
              "created": 1675007681594,
              "remoteIdentityKey": "BegsuE6PGZWMrEUtK9SUZL8dimL7Cv59zIsag0/zqw5o"
            },
            "_chains": {
              "BUcU8iBBrzzCZUsgepTWsE4gVsfJ9H1p7oVL5qoQUhFl": {
                "chainKey": {
                  "counter": 0
                },
                "chainType": 2,
                "messageKeys": {}
              },
              "BYUVCjYrGYpwHAGrQEfAULeZOg3FX2gYdLhd3KDi6v9X": {
                "chainKey": {
                  "counter": 0
                },
                "chainType": 2,
                "messageKeys": {}
              },
              "Bb8iND87jxcJsOzSGBhqMBlAI56oRF5LqhEkrHuUE/JE": {
                "chainKey": {
                  "counter": 0,
                  "key": "++5ve9DnQ/0Uqmf9mfVZ05wcwGMS+dhe/4ai6704M2k="
                },
                "chainType": 2,
                "messageKeys": {}
              },
              "BblMk+GL+XFlwrCLIARUHMtG3iBvjN9MtTGbUBKrocgF": {
                "chainKey": {
                  "counter": 0,
                  "key": "U+OAvzd85KvE61xKPLQzPn/PQWbNPVKCdHL/ilcvp30="
                },
                "chainType": 1,
                "messageKeys": {}
              }
            }
          }
        },
        "version": "v1"
      },
      "6281231956608.0": {
        "_sessions": {
          "BbwZDvu5wncitrm4E42unh+XVFQnG8cz+HAGKGViKLcH": {
            "registrationId": 2042873808,
            "currentRatchet": {
              "ephemeralKeyPair": {
                "pubKey": "BUoTbTgQsa0L5VstKYwOzwf1gttoRiJoeTRM6faISuZd",
                "privKey": "UAmnarWq50Qz3qsgKzeS58SY6P89X2hxD5nlR7WfBm0="
              },
              "lastRemoteEphemeralKey": "BUIn9QSv0Wj8tJU4FzPxK4bimoUr5mg7LNINQhf/+a1f",
              "previousCounter": 0,
              "rootKey": "u8a2d9B0B8cE0EXSip/jXZTsf7TWWa4xHvvK4fE1u3M="
            },
            "indexInfo": {
              "baseKey": "BbwZDvu5wncitrm4E42unh+XVFQnG8cz+HAGKGViKLcH",
              "baseKeyType": 1,
              "closed": -1,
              "used": 1675007778027,
              "created": 1675007778027,
              "remoteIdentityKey": "BdOKpQQfif2kmp1CrndzxKh2nFAOWNeYfZsd3qIp0nEf"
            },
            "_chains": {
              "BUoTbTgQsa0L5VstKYwOzwf1gttoRiJoeTRM6faISuZd": {
                "chainKey": {
                  "counter": 0,
                  "key": "hVv8H0ZcWoQrrruocA+NscUhkSkO7N0z38TmJGELBjY="
                },
                "chainType": 1,
                "messageKeys": {}
              }
            },
            "pendingPreKey": {
              "signedKeyId": 14,
              "baseKey": "BbwZDvu5wncitrm4E42unh+XVFQnG8cz+HAGKGViKLcH",
              "preKeyId": 197260
            }
          }
        },
        "version": "v1"
      }
    },
    "appStateSyncKeys": {
      "AAAAADbZ": {
        "keyData": "x71fpocRP09bbfRTTNeplvzylWFdI7IpNcHtbPBH/aw=",
        "fingerprint": {
          "rawId": 1561924228,
          "currentIndex": 1,
          "deviceIndexes": [
            0,
            1
          ]
        },
        "timestamp": "1674665319042"
      }
    },
    "appStateVersions": {
      "critical_block": {
        "version": 1,
        "hash": {
          "type": "Buffer",
          "data": "EIDyohji/GG9GwW/z5kLewF0tjQqD+t/8Y3tFnYPB7KNKbh1HFGDEL6TOK0972dYL2A06jM0s0mQ8ut3yt3HtBv/Y0hZZWskf+3sYowcB7KB7gyMuDtyNM9tds0LAYXEPydAJFoje3RdKQPdu0zh/9lhnrdni4D13TdAYDv9wdQ="
        },
        "indexValueMap": {
          "KeMpQPibu2ObdXLriu6cAGn/QpOlOWHSHq+TSl0itSM=": {
            "valueMac": {
              "type": "Buffer",
              "data": "/DhJtmCsxIAe7+ouIfwruOTHVXQ5UdqGX2A2Hku0YdE="
            }
          },
          "On7pCd9PdCQdB7Yy5lHaQUhgvxBLWCyEQSjixSt4LLE=": {
            "valueMac": {
              "type": "Buffer",
              "data": "+8HB0lU3zdhH0C2dsRsFcR+sfBOX4v4GOpiVDazHDkI="
            }
          }
        }
      },
      "regular": {
        "version": 1,
        "hash": {
          "type": "Buffer",
          "data": "VeEiPWqIkxq0o809eBfBG3JyfBB//J8YO3smhXzi3QjOO69LX/qeey8nMIGDVbwJ8YL3qQpSPyNyLtbS3Fr7f2f8CGl+i4XZZZC4przibgwBH4a2yFsizxM6UjQ+cBA79ttzU14hNYD6bihMKKZMzS/7Nh5p2ZMbMMHGX+yRFoI="
        },
        "indexValueMap": {
          "vJuoy8/JMPDywyLVnNnNTPbOVEvri2smxfdxZXrBEzo=": {
            "valueMac": {
              "type": "Buffer",
              "data": "QamPznIveRb0WavQ5Xmm6L826IlnvwCGnQaATC3HZpo="
            }
          }
        }
      },
      "critical_unblock_low": {
        "version": 26,
        "hash": {
          "type": "Buffer",
          "data": "guBkYI8El2LnVeXYORP7y/+vQYbScrOrlUJINFkBJ9Pewu9MUd3UeVEEhf971R4yfzMdYGE1tETbXZKF3tTT9cu8ImMWtWPW/OYJC1N1UZ6FMoB/NzvHJR1rTg97mCW5Q4XQlsbA6FlE1MqScjEdsowu6xEOu0pov8Ce19MeyLM="
        },
        "indexValueMap": {
          "iA8ncHPQmCQImNYRCuJtD+bDnmgcRYiZpx+Kr7MLy/M=": {
            "valueMac": {
              "type": "Buffer",
              "data": "IHO3V0p4fmB4uRKdFqrFNTmr1fx1KnbE7mPT78vPXmU="
            }
          },
          "YaGB/G76WkQvHwlCacJqmUa8AECrsapwZpVCe0TqsBM=": {
            "valueMac": {
              "type": "Buffer",
              "data": "1ToZm8G4qPu9GGk2h2DFVgA6SjZQ/0cvgYjkaBdpc94="
            }
          },
          "TcJTqmCzO5rm+J4Qi5jO6pu0xAQMkx3x8pyYgTmWpFY=": {
            "valueMac": {
              "type": "Buffer",
              "data": "KVbGafSBnPpJw2KagFP2Fdbe2qg3GUDepBw9qaL2ajY="
            }
          },
          "afKYxIl2ZW1Cx5/sRvcp1dimBa6Ypik6MGn2vs0F7vg=": {
            "valueMac": {
              "type": "Buffer",
              "data": "8aoh1VUV9GNbloupGi2BXmJmZWJCQ6vGFeAI0VRuw9k="
            }
          },
          "2j/DX8tbAbZIZLVf6P/7zdWiWDIF5sU/3ZasHkq2/ig=": {
            "valueMac": {
              "type": "Buffer",
              "data": "FGAAt0jbK/Rb1eYlFHbuIyALgPwwK5uz4k93FFNnIaM="
            }
          },
          "y1rd96ZuMs0dtfkj8qUVdZ+CkybR8gPbrsfxA7tkjR0=": {
            "valueMac": {
              "type": "Buffer",
              "data": "daOsae2I5bfq1IEh8EiIAcRRyklitsET9X+MsCODBPo="
            }
          },
          "JnKhJ5ObT1uUHYwS83UeRGI0J+Fr3S+uXVNDCdQVPTg=": {
            "valueMac": {
              "type": "Buffer",
              "data": "9ihJZ/LFZccznX/ityWOrVlJ/xiWelE/P85IV2Dfznw="
            }
          },
          "+io+LHGSxuDWo7iCQ0WykxHPjKjprksjQGSOaLpMyCE=": {
            "valueMac": {
              "type": "Buffer",
              "data": "EY8ZAJcz5/5hYk4ZWVa7ncVjOTj+kSJjXnv7YL5YUOo="
            }
          },
          "e7tz9Do+4rURmQd3igeiUOmTFy4BYKSKrgDDNwzhA+w=": {
            "valueMac": {
              "type": "Buffer",
              "data": "u8/qZh4XVFQ08AmF1EPaSp91v2uDx4qa7kOza0smD/s="
            }
          },
          "iAvFmAnN1xSjokfc2s6hg1llKzFWyJYkSwlkj807H5E=": {
            "valueMac": {
              "type": "Buffer",
              "data": "TzxJYK5gtBH8bBuvTufpi0PKCcTjiWi260EvBAOTbvo="
            }
          },
          "OPN6PMS+VrTrSqGuqxSmD7FHnv91Z0JbH33toXyegbo=": {
            "valueMac": {
              "type": "Buffer",
              "data": "oHVAk/L9yPpQwgDZ3PUfcWZDaIxH+xc7sbKK2PfaqAY="
            }
          },
          "6XcjgXkWqBkH4jTiJhw0rR/HHZFnyLBvZH2oyEQlIXI=": {
            "valueMac": {
              "type": "Buffer",
              "data": "E8uZU3T0MfDFqiLCZbpcSHtQsCOibclZd36ctJqIeOY="
            }
          },
          "9iKxfZWeOXka0koWlYjU1eXi4WObyvRe1pZktQKon/A=": {
            "valueMac": {
              "type": "Buffer",
              "data": "Z24BTiQoQqnoPGO9IQtigcXiqCuM7BBWtRRFw2aCLfs="
            }
          },
          "RHlt3SWpgzpmQesLJjZLSbeKNzVhfOWz02D6MMmC06M=": {
            "valueMac": {
              "type": "Buffer",
              "data": "dhNGZiWh3EIHbQycG1Tc3kBvei2A7YdeN+U2Ze1UDoY="
            }
          },
          "peuf7b1SDelzlCE5iKHraTk+kFSrIHWWPHAAlhxaSLs=": {
            "valueMac": {
              "type": "Buffer",
              "data": "EJFLWKP7C2q7hMFGHAJs4Zu7kL+GdkhQou7/Y9Tq6tc="
            }
          },
          "OffD+FxLIsIotXgZIZ/kd8U2ih7aiKYZQpWN3hMBwc0=": {
            "valueMac": {
              "type": "Buffer",
              "data": "j4k6SlnHLA0HgyIrKjlLxY6xc3vt7F/me2otfrMgd7Y="
            }
          },
          "W87cap/CRCyTa9dDYcr+7th4HEzC8kyjb1/kLR02vSM=": {
            "valueMac": {
              "type": "Buffer",
              "data": "asGcWWaN11/oCl95G/Hlm0Eo62S35RvWRgoB5QXhl7Y="
            }
          },
          "U3wUXn6FrjOImxwLcCIvjZxpu97AM9uh9UObZFgJSkA=": {
            "valueMac": {
              "type": "Buffer",
              "data": "3+Q0n1aQBMF5ejlbDKY+6CPtgp5N3KWnMCTQRa97Zo0="
            }
          },
          "b8lH7+1IJdPsPetDR66BM2AOjBQy9cDfJ5d8zYmchzc=": {
            "valueMac": {
              "type": "Buffer",
              "data": "KU+0PixCfwHBQa12AwAGRS7ik4r3JNDTBLkLYQBopm0="
            }
          },
          "o8HPcbJ181sTDuzcJiBe7ddsdKGpbFiD+hdMb1Ob+nU=": {
            "valueMac": {
              "type": "Buffer",
              "data": "y5JEhRVsWjMTbA/9v2Soq8B8DfZf5eGx6gN0RU7E5nA="
            }
          },
          "+gf77ZJ8OuUMIu13Guwh9ezYCR5HSMZ3hviiWw3ScTk=": {
            "valueMac": {
              "type": "Buffer",
              "data": "IR/UlfFQucPZyuHF+NiCIPFF6AfT6ckEUHaLcb55Bq0="
            }
          },
          "gif2+iYd5N8xc0HYRW4YwIDXqtkWZoyLi+rCwn8QDMk=": {
            "valueMac": {
              "type": "Buffer",
              "data": "u34zkpDJdIB7Q9lU0sM3eVQZSTFJwnQ+B2z91ao18Xo="
            }
          },
          "HZCUp4b79E8DwLz3saquSv6pZRfFcHYU9KigGExL9zU=": {
            "valueMac": {
              "type": "Buffer",
              "data": "GXUHbrWcmY+/aY1n6f7LV4szF/QGl2k9jxvOsrg+BrY="
            }
          },
          "AeTCF+pNQfESQSVlOuxPYAdOKbq01c2aQklG6QaGYPg=": {
            "valueMac": {
              "type": "Buffer",
              "data": "DN/zrZBWUf+ejzCESG9Lh5vmkFkhcGQc6ufMJT5N6sw="
            }
          },
          "SBMpAsBdd4fdFx6YdrynJ9I0Wn2zWD2DX1HxthPufGM=": {
            "valueMac": {
              "type": "Buffer",
              "data": "2MhEfMo6akiQWM75G/x29TsjVS1ocX1AcWD6tHaKFZ0="
            }
          },
          "NfqlCrLB3shdkUNGlXSssM3mt0+ovw3glF4/tiqQjxA=": {
            "valueMac": {
              "type": "Buffer",
              "data": "E9wLO1NXZnKObF9FHh/CnOpKnPACVeBlgnHarhr+33Y="
            }
          },
          "GbN8IyIlBPOu4uSWTXe1MS8egS6GzvRkUxu89pRRUXg=": {
            "valueMac": {
              "type": "Buffer",
              "data": "99aEeDhGmB2z2pykCWd6VwKpbCiTiVLncsmh/PgAPCY="
            }
          },
          "/6hZHWmisfkp2E9dCf+Of9Wge7vD6Lr6/jq0Tm06XJQ=": {
            "valueMac": {
              "type": "Buffer",
              "data": "ydDscQtUYytx4o45Qcondgewwo9G0t6CHJeSBG734Cg="
            }
          },
          "veojpD3RHwP5h7UWBySPxfe1mmQqeW4jWlCmnaxIGRw=": {
            "valueMac": {
              "type": "Buffer",
              "data": "XhELW/b/Rg0rjOEQdq6Ux0r4qTfB6Sm0BNMGEiNJTaY="
            }
          },
          "TWeCr5csX5e8qCAZo7w2e5ZVVLN2N/angqvasZtDfcQ=": {
            "valueMac": {
              "type": "Buffer",
              "data": "Y8rtO7JtyWZY+1IVCsctha2DKqiGblrzIVpM+F7jUuc="
            }
          },
          "8v1Y6LPqgN8kbr7Kn/VNMxXuqsE4Ry50dSLYuf6LJ2w=": {
            "valueMac": {
              "type": "Buffer",
              "data": "B/BWTdsrsVimyjIuVMhTj8vPphU9vRO4uiXGY3sBYck="
            }
          },
          "hYyZEUo+QXNBCduLQYhyzeS6I6iUj9gjOb2wWuoOeYI=": {
            "valueMac": {
              "type": "Buffer",
              "data": "tAw1c3h4idww2m1iZZg9Bi2UsjZRgbq9m2wRh4S3WVM="
            }
          },
          "vdGBJHyKMeKB5ZbTe5/AOLawjFg5aikCmYbW+LnSknw=": {
            "valueMac": {
              "type": "Buffer",
              "data": "D9rWAjRlo5EFE1tOXHe5Dosk2R2PVDSmcZiAKiY2jcw="
            }
          },
          "TjW1dun427Ek7UdSO1pToZ6a9dYPrnzvsbGL9iO56JY=": {
            "valueMac": {
              "type": "Buffer",
              "data": "8K5SUzEk5NnfXmJyZqLAtWVux35veICja67BDXbF6CQ="
            }
          },
          "ElKGxHn8QlNylfvBP4BYpN5PJVGdb6NcDE2oRBbDgWI=": {
            "valueMac": {
              "type": "Buffer",
              "data": "6wYtl34Qa0b8YRXgyPEj2R7yuB1MPmSpsuCQvub+Neo="
            }
          },
          "FKuQOfemC+w07o+NtSFym8loqciTXb9/jsgQUG69nPg=": {
            "valueMac": {
              "type": "Buffer",
              "data": "A/My2+/iLgKA72EA1ZAsoxra+9F7PlCb1iV2XgU7Xsw="
            }
          },
          "HUA4EVDZ+yJCSYQBpOynZf47KFs5o9eSTW/gkvQB1hQ=": {
            "valueMac": {
              "type": "Buffer",
              "data": "waLgAuFsZv131FKWwMgf8Chl7yBuLErBUTIhDwzHcNE="
            }
          },
          "f3OEBZ5G8Sj19TcJNABLTvSVTZZ724MkeLMtltBw1as=": {
            "valueMac": {
              "type": "Buffer",
              "data": "6meu7EXMBr+qrVp/8xWQSR68k+naynIlMZs4ZQnMNoU="
            }
          },
          "YXfBB7hLCh9ieA63+ieep7foY92UZMEje0XvtzvdPHE=": {
            "valueMac": {
              "type": "Buffer",
              "data": "O7W7Uk+FC5IKwCG7wLqVaB8iP5E9m0ICr5kIEXZ7MU0="
            }
          },
          "8B0v6B14mRb1FHln/tj9581tUCBof1cRrMihpX0Ua4Q=": {
            "valueMac": {
              "type": "Buffer",
              "data": "hQu9I8Ez19oQoiqrYmU6qycwes3SkG08MrmwlkjCx1o="
            }
          },
          "iSVqQU1Rnni4DIrg41Hf9qIrm7PjJxgqjC9epTDD86Q=": {
            "valueMac": {
              "type": "Buffer",
              "data": "Ivrul3VKKl1Z7+EASBc+sGGCf+FMxxAhZSJJbiwey+I="
            }
          },
          "s0JmbLoZQWiA5pft1SyWyCm6bbGbSXw7IupmpI93DHQ=": {
            "valueMac": {
              "type": "Buffer",
              "data": "gYZIC6/kCOXFYccIvGajgdju7A2V9erkmRq9XEctVE0="
            }
          },
          "yVrcJdHArKmeT11nbPvh8W7UxATdZ/Z8lOnLdXT3RZ8=": {
            "valueMac": {
              "type": "Buffer",
              "data": "0d8TxiOtKN1H/BTXYwUhiwSLmdK56vOkYo7f6XJiEQs="
            }
          },
          "ZA8PuBhM/PrRpuRipReDtncmHemuPK3iANMyo4ZiECg=": {
            "valueMac": {
              "type": "Buffer",
              "data": "PuIj8nq7zXbj7gDuMgGpaP247+h9VsMIjdoc29+Jku0="
            }
          },
          "o+nRS19I2CIdarCS3ttFw3SCWNkOVwqfCTXineYM32w=": {
            "valueMac": {
              "type": "Buffer",
              "data": "81ztQ/J1xGmxbYYsI7+fLp1AjFF2Dmqoy6uF4zJaIB8="
            }
          },
          "HanMlRbIHtjn4PkT4nAVF9svJ0X6TvZIh/NcphZqwwE=": {
            "valueMac": {
              "type": "Buffer",
              "data": "FVuzuDOHSgJ+sngMCj8FNQqZRVuCoLr3BebOocyS9Vs="
            }
          },
          "UDKxvMkrcSRVdTCGRrzc+Lc161ZXd9zwlPD49k5IEEc=": {
            "valueMac": {
              "type": "Buffer",
              "data": "ojPaseVUINeVY0YsgCTsEf915DmEmgZuAi92Z4JxvPA="
            }
          },
          "e51kcyzt7c5ATYQu7kwgpFOQzZg7YvvW5EMpa0JQ0qM=": {
            "valueMac": {
              "type": "Buffer",
              "data": "+lfxbVbxqJ9BmpB4WA1m2Xj89cuo3mJ9LV35kdBexr0="
            }
          },
          "XkSfZ4ipQH8MFwEop3dkzWJjGowEojbqO1nnZx5OCvQ=": {
            "valueMac": {
              "type": "Buffer",
              "data": "hfG38FO+A/zdO9fzvuS2STsK4lXiJFG4J93AjKjGiUc="
            }
          },
          "5TjnXqKsYZvu12UqzhvMYtqBvIDDEbuvnjKT7rbOtU8=": {
            "valueMac": {
              "type": "Buffer",
              "data": "J+WDibVGBMhgIAv+xlieVMLqIVxhGczbP1xC303BFn0="
            }
          },
          "ljv838cSEcAm40FnF5+0lJfO/PEZIRA+yD07cJ8JvMw=": {
            "valueMac": {
              "type": "Buffer",
              "data": "+FgB4ZDzY8jfQE5YMwVa9MigXapE70Vo4lNvx6SlHdw="
            }
          },
          "5qG3plh4LL73KW605OQ8SWbygiqcsKYO+pkflzAPkak=": {
            "valueMac": {
              "type": "Buffer",
              "data": "bp+2K6PT3oCBMA0ijDmVDEHtmhUbDg06hT9BXOEZblk="
            }
          },
          "cR3cGaUI3Ou3feYMbsDaUvTaUpgO+0cnDcemmDv96dY=": {
            "valueMac": {
              "type": "Buffer",
              "data": "wRJkY87HNW1jFCZWFhqRNtEBzx0Afb0RoVu9GAoAuyA="
            }
          },
          "LSDqtNR4BM0CUWJvqwOncYSBqNFcvc7UYxnjtee5q5s=": {
            "valueMac": {
              "type": "Buffer",
              "data": "bc+sdKb4/YlxNZQkh/1eQL0v2h9XnH68wmv/0YAYQbU="
            }
          },
          "rozjuE77CWvcuBps3zb8EhNgl47l08MdxxZyAY2oAXo=": {
            "valueMac": {
              "type": "Buffer",
              "data": "ywoZJM9rj363jthTTOUfdLfkJ8JsAKA6d1ihquiMADg="
            }
          },
          "dvdsIA5UUuZI8xs7FKHnuCbftc4v3x36U4pNRfxv/dk=": {
            "valueMac": {
              "type": "Buffer",
              "data": "ZYG2lhO7jXcXx8GJAUmZY4eGjCNHQ7oO4tIndrKufZc="
            }
          },
          "R7Eh5P51b1EMzpVooHLl+z1KU5B8EcdJaD0ePr+xbUs=": {
            "valueMac": {
              "type": "Buffer",
              "data": "32WEg2y2KZu2KvPH0v2Rz2IqSRKdKpGqIu+sjlcpKik="
            }
          },
          "YV189Mn9Kf0j142Boqc5UMbUl/T07A15XBkBPJRwE/Y=": {
            "valueMac": {
              "type": "Buffer",
              "data": "7I3itO028zrWCDTbtn50vgoS1owyWtOQDoTaa+PSPvA="
            }
          },
          "/DhtjzT2IaGm6BLkLi4EAW6d9HburrrueipQ1qI0OEY=": {
            "valueMac": {
              "type": "Buffer",
              "data": "0MhY0RrYOUDwkToNMDa8IxSdfIBhO3cU2DjMNMmh+PQ="
            }
          },
          "UakC//NlwX3ll1AbdBivfWDTHo3nkCzMC0qG5NfeJoU=": {
            "valueMac": {
              "type": "Buffer",
              "data": "rtMSIjPg+JOyTLrMQv+avFZH0LIPp+0znDLHRiuGlcY="
            }
          },
          "P4fEA3pgdxzk5B1FAoqqpk09yYFv8H02KY2flZk7kyY=": {
            "valueMac": {
              "type": "Buffer",
              "data": "JOznbWqm9uM79tEpiYxjwkJgAWLK5w8ooOZZEd+H2+w="
            }
          },
          "6ggeBDaHAK71n/wujif9zF7WTap76a8N5zYGtUwYD4E=": {
            "valueMac": {
              "type": "Buffer",
              "data": "sXlPck3PFw86f6H9jTfyDDXWLO7aFtkYqjfXcAgGLC4="
            }
          },
          "/lBzyafqZ8r+S7xReo+mCQa5qmCFIf8S3QrupaedpeY=": {
            "valueMac": {
              "type": "Buffer",
              "data": "Bysl0DgKber096Bhs1fZxyF3sWdkW2veJF0xZcw9XTs="
            }
          },
          "mT9sro/QeR52R1D6ary7KnOEVjvhmdPF1c7Nd5C2r6s=": {
            "valueMac": {
              "type": "Buffer",
              "data": "mrpL1WZfR3IavP+b4xXMrKjge1YkOZGY9RhMMw+g+sc="
            }
          },
          "I2t+DuGLLGPlxq84CiybSwgpYHIQhVoBgRFRtoaBFCY=": {
            "valueMac": {
              "type": "Buffer",
              "data": "WYdUUz/aWiFcrvRkZdwu0qA/0V0e1DtlDGpIDnxQPro="
            }
          },
          "hdGj6wFeKPzCOhmZ9vGmsN8FqEWq5PRpebkCv5BRCW8=": {
            "valueMac": {
              "type": "Buffer",
              "data": "T4fus6semYCA5QVdlRbchwMqE3Gc/fmXKRwdlgfiHQk="
            }
          },
          "t6hTMnNJUKwdbiu/jFVeowZjM4rhYsfOt3fOvKxfD1o=": {
            "valueMac": {
              "type": "Buffer",
              "data": "QFoSgSoReLUxuUceCfG8Y1dgNQS2wgZJgqD0YN6pFvM="
            }
          },
          "igkT0KU1GH4Qe66rkEb4XXQZKivK8uAuUl4eMwtpO04=": {
            "valueMac": {
              "type": "Buffer",
              "data": "aYBtvTeHLdmPPkTiSZYp+11ctD9KRUQTyoJLCrcMRQM="
            }
          },
          "8OI5CthFzQ8tZwA5tODM5Anege2AXHfw8zasdXiMdSs=": {
            "valueMac": {
              "type": "Buffer",
              "data": "T8ZhW++ivAHfuj9610xWmz3CcnPw7cqM1av4LIUj3rs="
            }
          },
          "9LXsWYMpBoVTDeruAsN1bNPHwyH01lW+mnH1uS081/Q=": {
            "valueMac": {
              "type": "Buffer",
              "data": "sFfBomaYED4Nu4R5WNdVJV3qzRcHa6duoq83hVFLN6s="
            }
          },
          "9ddDPaJV/1Rs6uz0gUHoYvCI70JAqMWAZ05keeg27Nc=": {
            "valueMac": {
              "type": "Buffer",
              "data": "Gi29dX6ANhYvxyz1zwC64yK+bmS+hvJohSiFVhCJhcU="
            }
          },
          "s7MLWL4vWH+hM7h5LT4xHdBv5kmZ5yJQ7uJ0pCNcmZs=": {
            "valueMac": {
              "type": "Buffer",
              "data": "rDvaQFdCG/H9QWMufif+IBXuz6St+SYpd7hUXZR0XSo="
            }
          },
          "ZVJhr1pwiBxxYZnEvrrubhxD+w6evVg91g2jr+4ieyU=": {
            "valueMac": {
              "type": "Buffer",
              "data": "h3JcxnFKWe2VJa8P23bvOpirgzcleBeFNvk9SG3F14A="
            }
          },
          "CEfU6N1gpuD51grDfpwZzQ5/zTUfhLVyPWMW3id8j4g=": {
            "valueMac": {
              "type": "Buffer",
              "data": "wn2ZJSUdj9AVm+v6ynEl1CK2gjnCI1GtSR6uT9kL2fE="
            }
          },
          "P21sP0a6XAZYSx8mVdqiPLxv5uGrwdGKP3oUNApCbeI=": {
            "valueMac": {
              "type": "Buffer",
              "data": "treGmaHy/NegNWBEZ6Jx2JaSrqVln3zW1dwXjMMVN8Q="
            }
          },
          "inKCyVDMRNqk3GUd+5koMCUvIDK4K8qfxpkzOMuaYCQ=": {
            "valueMac": {
              "type": "Buffer",
              "data": "TVq1ImGkqaBkFf0xe1peu/YuV/ndEUxcz/ppzYOUM2c="
            }
          },
          "suRI5X9uRIeM1oeYpM9nU26yYUZHenoQdHJA43KE8Ng=": {
            "valueMac": {
              "type": "Buffer",
              "data": "+XqrnMlIXcAuWa0zCCeEmlClWgw6dN1RYbdqjEj7dBE="
            }
          },
          "drqAcVOMQw40BcOWJVDHjLbksc8SJBoEWW3WmhaArLw=": {
            "valueMac": {
              "type": "Buffer",
              "data": "gtkomjlBw68tkQpVP2xuNSp4cHulXkjb+tHHoxghwQQ="
            }
          },
          "2eMScs5pHRQ+YuyYTK3Ifz8bCatDO1vSRwFqlo4TiUY=": {
            "valueMac": {
              "type": "Buffer",
              "data": "j02/3KPTa0jHEahQHO0L//9C/lRWOMd47YVbVzZtrzc="
            }
          },
          "SQaOsyjACykPM7v9BaFUUhuDqLlyJrpo3L17E8+cJkk=": {
            "valueMac": {
              "type": "Buffer",
              "data": "M30bFYh/3RPsE2AYRBnno8JLbL4UwBOYs9YNEPACm2Q="
            }
          },
          "i4+xqKN8417HQLown3qa0D/BiaBgKU/NJ7OuoTAs1qo=": {
            "valueMac": {
              "type": "Buffer",
              "data": "Iv1sJedS/wLb/jh9m1/SzHbh/aMMGPa7S9JsROyK/Dg="
            }
          },
          "mAZleaKW2g/BGng4/HkAFv5AczIDRlWjdPr2ekNkmAY=": {
            "valueMac": {
              "type": "Buffer",
              "data": "4809gzlLpnKA1nx/8vmOs6+wJU3ztste3+naFjVDu5U="
            }
          },
          "F7dfYNl/fNMuBRx8HBdZbJ6SInqDTBWWZq6izLys9tw=": {
            "valueMac": {
              "type": "Buffer",
              "data": "2+DpCeMIkZM73OWVyZ8VFoNWGjpE7HUM+8nNTTKsXhQ="
            }
          },
          "ibGOgcWZyvjapQ9n49npNovO0YZqBkxGAPRrO3Ee4zo=": {
            "valueMac": {
              "type": "Buffer",
              "data": "cg/6GHTGo7wfMiXtDUHtAVSM6YuVX6gIByGxsF7Z4i8="
            }
          },
          "RV6F25N9LAWCxq1D1lBvkhaxy7BmLmPOs+/VGAaxqy4=": {
            "valueMac": {
              "type": "Buffer",
              "data": "5QY2kq7Xl2NdtjxV97CoK56atpMgZQrE4YMgvYctDM0="
            }
          },
          "vdIJFd6zLwLPjvsP1PyqnV1RBXymgg3jqGjLBFWch3M=": {
            "valueMac": {
              "type": "Buffer",
              "data": "iZCqiLQqXNAsbnWStzk/ovcvqHnYs8SZxbgOTZ9ROKo="
            }
          },
          "Majf1ZF3T4nS1/k5ITxkPQFMGQUuvlSIfe8H17iWAmM=": {
            "valueMac": {
              "type": "Buffer",
              "data": "rofwe6LiN9gDWegaHQzSZyFJWD+r0HnjTrubR5g6HoU="
            }
          },
          "WfRww3DUxUZo7BHnikBy+7/mtoYvtB3K/9XzT0E0zhE=": {
            "valueMac": {
              "type": "Buffer",
              "data": "A7nosin73Pzfk/F7CGYcYwpQMVX/V1dJaAjHri579YE="
            }
          },
          "yUWRm/btyODu936TE08ugs3RL1VYBx5HrzuaG8tSfxU=": {
            "valueMac": {
              "type": "Buffer",
              "data": "9C3rudMfEAYnZFH5CoYC/QyGtjJDmglVImJwXIlgK8Y="
            }
          },
          "FuPlhsyC/f+AjSwMpxdoc0ocUQKo4ri5ITt7MzyBZKs=": {
            "valueMac": {
              "type": "Buffer",
              "data": "xdy0q0dla7k0Bz62EXBdXrb3rsG96iCBYZs7jqYEMzs="
            }
          },
          "9DT5jxJ40Y4hPLMh0/6tnuzAuvKr4IA9KKX1RvA6Ui0=": {
            "valueMac": {
              "type": "Buffer",
              "data": "YFz4cbbEgca5eCiQNzD/6k8OCTVZVz4VoS1QwE/3fIA="
            }
          }
        }
      },
      "regular_low": {
        "version": 1,
        "hash": {
          "type": "Buffer",
          "data": "Cdn+RtZNU2UPHF6arKkUhRyrVrMgofu2/AibfJJUWGrJJ4IJXx4JmlPaSnOgv2Yxt08lxoGKtM47L90nzjFMxqCvSwHDi+MaU0LD0AXsB2wR9L9dkJRlUnAswmTuXiuyu962bEJ9V0bvaU5XKpmw6h5nvqSiiMeYPlJ1QR0ZXdc="
        },
        "indexValueMap": {
          "zBglh8LfKSFNS75xn9RzDJzu4Hea6VVRrb5lxVBB9Ao=": {
            "valueMac": {
              "type": "Buffer",
              "data": "Qk6cnGyct+LvcLU0pU5IT6uPHtz8t3njbhowkAaXPBs="
            }
          },
          "3EnbpsX9BbRwp+GZ+nloS/yh7+plwFjesFacYGs5AyA=": {
            "valueMac": {
              "type": "Buffer",
              "data": "onoqyORl3LG0PFKaX2Xr4vGQXWquN8+xMiSxoA3chTU="
            }
          },
          "I/yreuqQ9IQBTHt5lTAD5FE7r1pGZhd/txR55vxX43Y=": {
            "valueMac": {
              "type": "Buffer",
              "data": "359f5V4ISTQYoXMHEoUuUICwNhfKpTxfoLJUvC08ujI="
            }
          },
          "XQc/rVxkppz3PCLXCL2vRJDdGzgoDdsTvZ3Wh5/4scA=": {
            "valueMac": {
              "type": "Buffer",
              "data": "r5V/vhaAcSEwnXXFvydSmbIM5j3nPpfpNZg2qrXqnXA="
            }
          },
          "W7Oi9RpC8r14LGzwdRxc87OU7aO0/YmREl8kyPaBi+g=": {
            "valueMac": {
              "type": "Buffer",
              "data": "MJOI5PuftD+dhCzJzHaN9qViJnl6IbESGF1BvGUJkfU="
            }
          }
        }
      },
      "regular_high": {
        "version": 8,
        "hash": {
          "type": "Buffer",
          "data": "T64dSOk/MhXcUlaU7C5Fhb9JBQO2TDwMDyb1M0yGzbfhTxx4Hoz/h5cHbsbgZzWlUiekasUaZGL7d3RAoltJ/kbl+ek+V2qzbLPv14WUsb8PWs4pM5PXhcwpR6uziqimb95afYpYuaAsKrihVuaQTI578NP+c1E/FP9VUd2ubQI="
        },
        "indexValueMap": {
          "1RPQp2rm/TtOEsbBSceLI+XHlIN27ClUG7wf09PAXqI=": {
            "valueMac": {
              "type": "Buffer",
              "data": "1AVq+gk642mjXANQHAq+sT9gpteBhnpfoWiqAoyN4Ac="
            }
          },
          "CxnfFl3rKtTPOtOQvnefX/GdFRnW3+yCIZsy5wg5SSo=": {
            "valueMac": {
              "type": "Buffer",
              "data": "SuwQGkloSScY5SwgNabG9PTrZkbcIOK4c1ExXY88bwQ="
            }
          },
          "CguqRvKBBzNJWFJEE7kj9DqkXwfZUHXaqz6bw2qnJuI=": {
            "valueMac": {
              "type": "Buffer",
              "data": "jc3WpulkyCKi1EixhkQk97Y7JzRl89E751oI0Bwv+oc="
            }
          },
          "53x9OMQDuPr/3lW8xtuqXoASJls8Zq6N/J5FDnHhBWU=": {
            "valueMac": {
              "type": "Buffer",
              "data": "eEv4GMO6BntKZgxJ3YJuBS0VruxHHXxnPiYMgR0bJlg="
            }
          },
          "PNULt2FMAD/2OGic5rzPHC3FDoGGrL9z0+KKnufZ0g0=": {
            "valueMac": {
              "type": "Buffer",
              "data": "xEGCdykiOhlYZtT2jWyaCHz1qiGbsgZNWm9NLusWNZg="
            }
          },
          "Mm51pyJ0RXSRSA+RfPFYuoichUbgNevjEPW32ARR/2E=": {
            "valueMac": {
              "type": "Buffer",
              "data": "fl+jDpX1BU7RwU2ZRnYLO4QU6D0IGnIgeVLz8cxEabY="
            }
          },
          "aXNgn8CYF3HW90EncFmlDaqUU+hvtjri7NeMEIYW5ic=": {
            "valueMac": {
              "type": "Buffer",
              "data": "JN5qao1oVshm49aLWf8wXj3MgggDh7ikj2Eb78VxrcM="
            }
          }
        }
      }
    },
    "senderKeys": {
      "120363048031430657@g.us::6283830815715::0": [
        {
          "senderKeyId": 1283881807,
          "senderChainKey": {
            "iteration": 3,
            "seed": "16Mb4rgA8sxls4/Auh74ABMuhOn1QNHaIIzhE4dW1qc="
          },
          "senderSigningKey": {
            "public": "BaqKulx2Nc3r1ZFdFEdX6kZKZuUdr+qL9kjVdXx7OmwU"
          }
        }
      ],
      "120363048031430657@g.us::62821414874593:1::0": [
        {
          "senderKeyId": 431190562,
          "senderChainKey": {
            "iteration": 2,
            "seed": "AS0LGnAP+ZCJa3pX3X9aBW77GWA0fzSy+MyyqhJVm5Q="
          },
          "senderSigningKey": {
            "public": "BULkJ/Ohxzv046OdVMp/ySK2aUDMJAvE37aRNoa4iVgp",
            "private": "QKgflhXldQVB7B8QuTzEm7eWgjaLtPnEm5iFBuoQFEM="
          }
        }
      ],
      "120363046401538181@g.us::6283830815715::0": [
        {
          "senderKeyId": 341993255,
          "senderChainKey": {
            "iteration": 18,
            "seed": "rEqDgh2n7xyIycImeVGcWtO1cWwU3+uJAUMVzo9I0cA="
          },
          "senderSigningKey": {
            "public": "Be4lBsoqVzidAPVZgEmXt8HEyJy8CxE9QlUmFtpYC6d5"
          },
          "senderMessageKeys": []
        }
      ],
      "120363046401538181@g.us::62821414874593:1::0": [
        {
          "senderKeyId": 216795327,
          "senderChainKey": {
            "iteration": 64,
            "seed": "aTmRefL4MYA9mAR3YGYnNhLVDfOGpMMYGSED+GQ6a6Q="
          },
          "senderSigningKey": {
            "public": "BbQ6UPluv2cgMfA8KzreuT08eiCWJRxy9tQwpTqFToZt",
            "private": "aBJ4huReoOv/9KOJTEgnA6+ZxicEOmW76q7Db96wKEc="
          },
          "senderMessageKeys": []
        }
      ],
      "120363046401538181@g.us::6281378739917::0": [
        {
          "senderKeyId": 1497505943,
          "senderChainKey": {
            "iteration": 33,
            "seed": "OtyVbmjGS/M8YlH9j16Nr33yCxLejh1KDVSGalp+5GU="
          },
          "senderSigningKey": {
            "public": "BXK5fGjtBUVdBIDly6vkqU7yJMzy0P0wvEnhYSEwOfZ1"
          },
          "senderMessageKeys": []
        }
      ],
      "120363046401538181@g.us::6285817498771::0": [
        {
          "senderKeyId": 837197738,
          "senderChainKey": {
            "iteration": 32,
            "seed": "wIn/8SJbgh8i+zbJbvvN01VFxLL+U+e2fPUTqqBFoMA="
          },
          "senderSigningKey": {
            "public": "BX5W5xVYPH37QesFzbpdQaXMIBHOSkHLeH07XSCPwiBh"
          }
        }
      ],
      "120363046401538181@g.us::6283890585717::0": [
        {
          "senderKeyId": 1159177184,
          "senderChainKey": {
            "iteration": 6,
            "seed": "hyn25LWTHStlpme8HvA1JLeKF+9bhW45PlOV04ASe6w="
          },
          "senderSigningKey": {
            "public": "BUfFNPyp/VrJj6cvcJ2yA+ZPTdno1nWiGEBfuQ6pmg9W"
          }
        }
      ]
    },
    "senderKeyMemory": {
      "120363048031430657@g.us": {
        "6283830815715@s.whatsapp.net": true,
        "62821414874593@s.whatsapp.net": true
      },
      "120363046401538181@g.us": {
        "6283890585717@s.whatsapp.net": true,
        "6283830815715@s.whatsapp.net": true,
        "62821414874593@s.whatsapp.net": true,
        "6281378739917@s.whatsapp.net": true,
        "6285817498771@s.whatsapp.net": true
      }
    }
  }
}